24330;865336;
24306;880766;
24271;880577;
24246;880446;
24236;880342;
24215;880281;
24224;880224;
24208;880214;
24218;880210;
24207;880241;
24208;880253;
24206;880277;
24221;880307;
24221;880350;
24228;880385;
24212;880422;
24223;880458;
24224;880517;
24235;880558;
24232;880619;
24229;880662;
24227;880698;
24250;880699;
24237;880736;
24248;880724;
24234;880744;
24238;880742;
24223;880753;
24226;880758;
24226;880757;
24223;880769;
24220;880752;
24215;880746;
24221;880738;
24213;880742;
24221;880757;
24224;880754;
24210;880798;
24227;880810;
24219;880857;
24225;880890;
24223;880934;
24222;880990;
24232;881019;
24232;881085;
24237;881107;
24231;881148;
24245;881170;
24240;881222;
24246;881245;
24233;881273;
24245;881298;
24243;881310;
24247;881355;
24256;881366;
24247;881370;
24252;881396;
24255;881405;
24238;881447;
24255;881464;
24251;881477;
24244;881509;
24268;881538;
24255;881568;
24255;881616;
24269;881626;
24254;881648;
24262;881663;
24259;881635;
24258;881589;
24250;881484;
24227;881328;
24213;881142;
24184;880916;
24156;880716;
24141;880550;
24118;880401;
24102;880279;
24104;880207;
24093;880156;
24095;880147;
24089;880164;
24089;880186;
24079;880232;
24099;880285;
24100;880317;
24091;880369;
24109;880395;
24114;880421;
24108;880486;
24122;880544;
24117;880601;
24120;880664;
24139;880702;
24142;880714;
24128;880733;
24149;880703;
24143;880684;
24147;880651;
24141;880612;
24133;880575;
24129;880564;
24134;880530;
24124;880534;
24130;880523;
24118;880518;
24116;880547;
24122;880528;
24115;880560;
24129;880577;
24131;880597;
24128;880635;
24132;880647;
24127;880680;
24139;880717;
24135;880746;
24125;880797;
24145;880846;
24136;880869;
24140;880923;
24143;880952;
24146;880980;
24133;881015;
24151;881037;
24149;881056;
24144;881091;
24154;881108;
24153;881122;
24165;881153;
24163;881141;
24155;881134;
24167;881148;
24162;881145;
24162;881171;
24165;881185;
24165;881194;
24149;881216;
24161;881246;
24161;881269;
24147;881306;
24158;881308;
24169;881341;
24172;881367;
24167;881399;
24177;881420;
24172;881440;
24177;881465;
24177;881496;
24179;881513;
24179;881514;
24183;881466;
24166;881400;
24161;881264;
24145;881067;
24114;880878;
24092;880654;
24063;880446;
24048;880302;
24037;880171;
24010;880103;
24014;880030;
24009;880008;
24005;880001;
24004;879992;
24002;879987;
24009;880022;
24025;880044;
24013;880066;
24022;880099;
24018;880129;
24021;880153;
24037;880203;
24035;880229;
24044;880283;
24045;880318;
24040;880374;
24051;880401;
24050;880413;
24050;880418;
24050;880392;
24052;880351;
24053;880345;
24053;880307;
24045;880299;
24044;880272;
24043;880262;
24037;880271;
24038;880257;
24033;880277;
24038;880283;
24036;880289;
24036;880326;
24043;880344;
24036;880382;
24049;880416;
24048;880445;
24044;880486;
24050;880528;
24059;880555;
24050;880608;
24058;880634;
24070;880674;
24065;880707;
24076;880717;
24075;880721;
24067;880733;
24082;880747;
24078;880770;
24084;880793;
24077;880807;
24083;880841;
24091;880842;
24093;880851;
24085;880860;
24099;880854;
24088;880847;
24092;880863;
24097;880866;
24089;880868;
24089;880878;
24095;880858;
24100;880887;
24091;880921;
24099;880927;
24098;880921;
24096;880940;
24096;880920;
24094;880939;
24106;880957;
24104;880968;
24103;880991;
24109;881009;
24107;881042;
24123;881064;
24128;881040;
24120;880984;
24105;880901;
24096;880730;
24065;880526;
24039;880334;
24021;880109;
23989;879930;
23974;879792;
23966;879663;
23948;879584;
23942;879538;
23954;879485;
23943;879470;
23951;879499;
23943;879498;
23948;879505;
23963;879517;
23955;879548;
23960;879564;
23963;879557;
23961;879596;
23982;879637;
23975;879675;
23976;879734;
23994;879753;
23987;879764;
23992;879780;
23998;879787;
23990;879788;
23988;879788;
23976;879775;
23985;879788;
23980;879772;
23970;879763;
23977;879775;
23977;879762;
23977;879795;
23977;879808;
23978;879818;
23975;879853;
23981;879872;
23977;879926;
23998;879953;
23991;879968;
23991;880010;
23993;880031;
23996;880036;
24009;880069;
24011;880094;
23999;880119;
24013;880146;
24009;880156;
24011;880170;
24010;880164;
24002;880177;
24018;880225;
24018;880249;
24013;880283;
24025;880301;
24022;880315;
24024;880334;
24024;880315;
24015;880317;
24019;880353;
24034;880353;
24019;880359;
24025;880383;
24028;880381;
24038;880401;
24026;880423;
24036;880437;
24035;880463;
24030;880490;
24038;880511;
24039;880543;
24040;880569;
24035;880576;
24033;880609;
24046;880638;
24049;880659;
24044;880702;
24058;880709;
24063;880726;
24057;880743;
24073;880724;
24056;880633;
24051;880508;
24036;880332;
24007;880087;
23988;879848;
23961;879603;
23934;879399;
23908;879210;
23903;879088;
23886;878949;
23873;878874;
23878;878823;
23864;878810;
23872;878857;
23877;878883;
23875;878927;
23888;878988;
23900;879008;
23894;879058;
23908;879086;
23906;879116;
23910;879211;
23927;879270;
23926;879343;
23943;879394;
23944;879431;
23951;879473;
23942;879439;
23942;879445;
23945;879414;
23938;879384;
23936;879365;
23935;879308;
23928;879296;
23932;879277;
23928;879273;
23922;879286;
23933;879303;
23939;879289;
23920;879298;
23928;879304;
23935;879309;
23926;879296;
23934;879313;
23938;879308;
23935;879334;
23939;879375;
23938;879426;
23947;879478;
23945;879517;
23952;879563;
23957;879581;
23958;879608;
23956;879625;
23973;879600;
23963;879600;
23966;879607;
23973;879596;
23960;879620;
23963;879639;
23964;879647;
23966;879674;
23977;879693;
23979;879671;
23973;879710;
23985;879700;
23977;879729;
23990;879744;
23986;879743;
23974;879758;
23993;879752;
23984;879779;
23987;879805;
23991;879821;
23985;879861;
24000;879889;
24002;879912;
23992;879958;
24001;880003;
24010;880056;
24002;880126;
24007;880216;
24024;880267;
24024;880318;
24024;880357;
24038;880354;
24033;880304;
24020;880197;
24014;880046;
23986;879815;
23946;879568;
23924;879315;
23907;879089;
23874;878893;
23856;878748;
23853;878639;
23836;878554;
23831;878516;
23829;878489;
23825;878463;
23837;878447;
23840;878446;
23833;878449;
23838;878463;
23848;878438;
23841;878442;
23843;878450;
23857;878439;
23849;878450;
23863;878458;
23866;878461;
23859;878483;
23864;878486;
23869;878483;
23865;878513;
23864;878556;
23877;878587;
23875;878621;
23865;878664;
23875;878712;
23882;878727;
23877;878763;
23884;878787;
23885;878786;
23879;878805;
23885;878843;
23888;878867;
23887;878924;
23893;878996;
23899;879037;
23900;879107;
23918;879143;
23907;879201;
23915;879264;
23929;879296;
23923;879333;
23926;879384;
23931;879417;
23934;879436;
23935;879478;
23937;879499;
23950;879521;
23945;879558;
23947;879588;
23951;879599;
23945;879638;
23960;879671;
23956;879675;
23960;879685;
23973;879678;
23964;879673;
23964;879669;
23977;879654;
23972;879642;
23972;879622;
23969;879580;
23963;879548;
23975;879485;
23960;879431;
23973;879368;
23956;879313;
23953;879280;
23950;879246;
23947;879224;
23945;879221;
23952;879231;
23941;879278;
23962;879310;
23960;879355;
23970;879401;
23965;879452;
23975;879488;
23972;879554;
23985;879603;
23980;879668;
23993;879699;
23993;879703;
23992;879701;
23998;879662;
23982;879570;
23973;879432;
23960;879231;
23926;878976;
23904;878731;
23868;878478;
23829;878286;
23830;878124;
23800;878044;
23806;878007;
23804;878005;
23793;878057;
23812;878111;
23809;878195;
23817;878285;
23833;878355;
23834;878436;
23846;878506;
23849;878548;
23855;878609;
23869;878610;
23857;878605;
23876;878596;
23866;878568;
23865;878555;
23869;878511;
23865;878469;
23867;878417;
23861;878356;
23855;878346;
23863;878329;
23853;878324;
23853;878360;
23856;878380;
23854;878428;
23863;878464;
23867;878478;
23855;878500;
23866;878516;
23855;878527;
23861;878533;
23868;878501;
23863;878501;
23860;878537;
23872;878556;
23873;878547;
23866;878565;
23883;878584;
23875;878609;
23876;878641;
23895;878661;
23890;878697;
23894;878733;
23900;878765;
23893;878811;
23907;878864;
23908;878920;
23913;879001;
23926;879064;
23918;879107;
23931;879137;
23929;879124;
23923;879114;
23932;879094;
23932;879082;
23920;879071;
23930;879054;
23922;879028;
23922;879027;
23920;879012;
23925;879008;
23926;879019;
23920;879018;
23927;879042;
23930;879107;
23929;879147;
23926;879219;
23937;879288;
23935;879332;
23937;879380;
23944;879426;
23942;879463;
23942;879526;
23940;879597;
23954;879639;
23952;879693;
23963;879727;
23962;879747;
23963;879752;
23956;879778;
23968;879802;
23967;879811;
23966;879824;
23975;879789;
23972;879759;
23960;879692;
23960;879557;
23934;879380;
23900;879181;
23870;878990;
23850;878793;
23820;878646;
23813;878533;
23799;878440;
23780;878399;
23775;878398;
23782;878415;
23784;878438;
23775;878485;
23791;878521;
23801;878527;
23800;878549;
23790;878558;
23811;878573;
23817;878576;
23812;878618;
23813;878679;
23817;878728;
23826;878806;
23824;878865;
23835;878922;
23841;878937;
23835;878945;
23833;878939;
23841;878909;
23839;878876;
23826;878827;
23832;878776;
23822;878689;
23806;878650;
23809;878598;
23805;878580;
23804;878587;
23808;878601;
23808;878609;
23802;878637;
23815;878656;
23823;878658;
23816;878683;
23822;878719;
23825;878719;
23822;878737;
23828;878750;
23829;878734;
23821;878748;
23834;878761;
23838;878806;
23832;878842;
23844;878872;
23844;878930;
23852;879006;
23859;879069;
23849;879125;
23848;879183;
23870;879197;
23877;879214;
23864;879211;
23867;879207;
23873;879183;
23874;879196;
23875;879196;
23871;879213;
23874;879231;
23868;879265;
23869;879288;
23883;879347;
23877;879392;
23879;879468;
23885;879498;
23891;879547;
23882;879595;
23895;879629;
23897;879635;
23889;879655;
23895;879664;
23899;879689;
23905;879716;
23893;879753;
23911;879783;
23910;879795;
23907;879794;
23908;879789;
23922;879749;
23912;879698;
23901;879615;
23891;879453;
23864;879244;
23831;879025;
23815;878802;
23784;878588;
23755;878429;
23742;878336;
23735;878251;
23741;878160;
23724;878098;
23717;878035;
23730;877967;
23710;877932;
23717;877917;
23728;877884;
23720;877870;
23717;877857;
23726;877849;
23734;877829;
23729;877833;
23726;877838;
23744;877818;
23730;877816;
23737;877807;
23746;877787;
23736;877769;
23728;877739;
23735;877670;
23726;877572;
23706;877441;
23702;877314;
23693;877169;
23682;877055;
23664;876920;
23672;876827;
23653;876726;
23652;876678;
23653;876660;
23655;876652;
23646;876693;
23655;876757;
23667;876813;
23661;876887;
23672;876961;
23697;877037;
23686;877094;
23693;877164;
23704;877215;
23712;877259;
23704;877339;
23719;877428;
23731;877509;
23728;877580;
23735;877671;
23746;877719;
23742;877748;
23743;877776;
23758;877771;
23754;877748;
23742;877727;
23746;877705;
23752;877665;
23746;877631;
23744;877603;
23752;877576;
23740;877613;
23741;877703;
23759;877801;
23765;877906;
23767;878010;
23776;878108;
23788;878176;
23786;878226;
23790;878287;
23807;878311;
23798;878342;
23798;878391;
23810;878458;
23811;878495;
23809;878539;
23820;878549;
23827;878526;
23805;878440;
23776;878298;
23767;878134;
23750;877964;
23717;877829;
23700;877713;
23690;877618;
23674;877553;
23666;877531;
23665;877529;
23672;877569;
23670;877629;
23674;877644;
23679;877678;
23675;877739;
23687;877807;
23699;877857;
23698;877897;
23698;877961;
23705;878028;
23719;878092;
23724;878178;
23723;878265;
23743;878318;
23738;878346;
23738;878363;
23749;878355;
23741;878329;
23730;878315;
23738;878283;
23744;878252;
23736;878214;
23722;878180;
23730;878163;
23722;878130;
23716;878132;
23713;878136;
23718;878102;
23725;878063;
23721;878013;
23711;877942;
23710;877870;
23708;877804;
23710;877794;
23715;877755;
23704;877731;
23708;877712;
23709;877728;
23722;877748;
23705;877812;
23717;877904;
23731;877984;
23728;878058;
23727;878128;
23743;878173;
23743;878187;
23740;878205;
23744;878244;
23750;878250;
23750;878270;
23749;878288;
23756;878293;
23749;878280;
23752;878294;
23759;878321;
23759;878331;
23745;878368;
23753;878439;
23771;878483;
23770;878533;
23760;878583;
23785;878620;
23780;878610;
23765;878610;
23772;878610;
23785;878607;
23777;878618;
23771;878653;
23791;878695;
23790;878698;
23789;878707;
23787;878650;
23784;878533;
23769;878371;
23740;878155;
23720;877901;
23687;877666;
23659;877429;
23636;877218;
23607;877074;
23608;877011;
23602;876982;
23599;877029;
23609;877090;
23613;877158;
23622;877230;
23612;877284;
23620;877340;
23637;877347;
23634;877330;
23623;877303;
23635;877260;
23632;877212;
23618;877188;
23620;877173;
23635;877159;
23618;877134;
23621;877128;
23628;877080;
23625;877038;
23621;876997;
23623;876939;
23612;876863;
23608;876819;
23602;876769;
23599;876778;
23599;876812;
23610;876862;
23612;876912;
23612;876952;
23616;877007;
23625;877031;
23626;877077;
23626;877121;
23643;877161;
23636;877173;
23645;877204;
23642;877252;
23660;877296;
23650;877369;
23669;877448;
23675;877488;
23671;877548;
23678;877599;
23679;877624;
23690;877659;
23682;877724;
23693;877747;
23692;877769;
23689;877818;
23705;877885;
23707;877909;
23703;877958;
23713;878007;
23718;878016;
23716;878041;
23721;878060;
23713;878105;
23718;878172;
23730;878247;
23735;878335;
23734;878420;
23748;878490;
23745;878544;
23748;878594;
23756;878664;
23767;878696;
23760;878762;
23775;878821;
23781;878858;
23773;878891;
23780;878901;
23777;878906;
23780;878926;
23795;878927;
23799;878912;
23784;878896;
23788;878891;
23795;878850;
23785;878793;
23766;878687;
23756;878493;
23728;878251;
23694;878023;
23670;877786;
23647;877568;
23616;877419;
23606;877306;
23602;877216;
23582;877168;
23584;877163;
23593;877170;
23590;877212;
23596;877293;
23615;877364;
23614;877440;
23615;877504;
23631;877527;
23624;877517;
23628;877512;
23632;877476;
23637;877463;
23635;877484;
23640;877519;
23642;877538;
23646;877588;
23640;877647;
23656;877694;
23655;877712;
23652;877718;
23653;877734;
23656;877721;
23650;877678;
23651;877659;
23650;877615;
23644;877590;
23639;877601;
23654;877592;
23644;877609;
23653;877620;
23651;877590;
23647;877582;
23655;877572;
23656;877553;
23655;877565;
23651;877617;
23667;877670;
23671;877734;
23664;877813;
23685;877902;
23679;877972;
23682;878066;
23692;878152;
23706;878217;
23696;878292;
23706;878364;
23718;878417;
23716;878469;
23710;878511;
23721;878551;
23725;878570;
23718;878591;
23717;878650;
23722;878662;
23728;878681;
23730;878678;
23724;878655;
23726;878638;
23731;878598;
23735;878560;
23723;878504;
23724;878455;
23726;878372;
23721;878278;
23708;878193;
23703;878130;
23713;878087;
23703;878060;
23693;878067;
23704;878099;
23703;878112;
23707;878139;
23709;878160;
23712;878175;
23717;878203;
23711;878249;
23721;878311;
23735;878374;
23734;878428;
23745;878507;
23744;878566;
23762;878572;
23746;878559;
23729;878474;
23735;878297;
23696;878066;
23659;877838;
23638;877641;
23620;877475;
23595;877360;
23586;877325;
23575;877318;
23582;877327;
23577;877353;
23584;877359;
23597;877386;
23598;877377;
23601;877324;
23590;877288;
23601;877227;
23601;877147;
23589;877063;
23583;877023;
23589;877021;
23595;877040;
23588;877109;
23586;877190;
23608;877248;
23605;877275;
23608;877309;
23608;877340;
23618;877350;
23614;877377;
23615;877382;
23610;877386;
23618;877393;
23608;877396;
23605;877413;
23626;877418;
23623;877423;
23606;877428;
23613;877423;
23620;877413;
23612;877435;
23622;877503;
23631;877560;
23640;877620;
23634;877707;
23643;877794;
23650;877856;
23655;877906;
23657;877954;
23662;877984;
23666;878011;
23661;878005;
23672;877989;
23677;877954;
23662;877925;
23662;877887;
23659;877860;
23657;877831;
23668;877798;
23669;877791;
23660;877781;
23664;877801;
23664;877815;
23666;877820;
23677;877828;
23670;877826;
23669;877814;
23666;877807;
23662;877804;
23673;877798;
23672;877785;
23669;877767;
23672;877748;
23672;877734;
23667;877743;
23667;877717;
23670;877702;
23676;877701;
23672;877719;
23670;877742;
23671;877772;
23673;877794;
23677;877806;
23689;877796;
23689;877754;
23677;877696;
23678;877649;
23668;877598;
23666;877552;
23672;877483;
23663;877391;
23646;877266;
23628;877099;
23598;876924;
23576;876728;
23554;876554;
23536;876397;
23533;876291;
23524;876241;
23505;876224;
23514;876260;
23506;876323;
23515;876390;
23528;876470;
23544;876528;
23548;876584;
23541;876618;
23546;876618;
23548;876619;
23555;876628;
23564;876635;
23563;876657;
23571;876702;
23569;876734;
23572;876740;
23576;876765;
23578;876782;
23575;876790;
23578;876793;
23583;876775;
23585;876753;
23576;876755;
23568;876749;
23572;876764;
23580;876777;
23585;876776;
23576;876773;
23577;876757;
23573;876737;
23575;876714;
23574;876687;
23567;876644;
23575;876644;
23572;876637;
23568;876634;
23564;876641;
23571;876632;
23580;876636;
23580;876685;
23579;876753;
23582;876816;
23594;876877;
23597;876920;
23607;876955;
23600;877000;
23601;877048;
23602;877092;
23612;877133;
23619;877173;
23627;877222;
23624;877258;
23629;877297;
23632;877341;
23639;877382;
23648;877366;
23642;877350;
23631;877354;
23624;877337;
23640;877349;
23645;877355;
23647;877384;
23642;877392;
23641;877415;
23643;877432;
23651;877421;
23643;877399;
23644;877398;
23646;877422;
23645;877479;
23646;877534;
23660;877593;
23661;877621;
23661;877650;
23664;877650;
23677;877649;
23659;877639;
23664;877676;
23680;877721;
23673;877754;
23683;877764;
23677;877742;
23675;877691;
23661;877622;
23664;877527;
23653;877399;
23634;877227;
23610;877028;
23574;876803;
23551;876609;
23532;876430;
23522;876288;
23503;876201;
23490;876163;
23478;876171;
23482;876212;
23490;876262;
23504;876294;
23506;876341;
23504;876377;
23504;876415;
23513;876455;
23523;876465;
23528;876492;
23523;876553;
23539;876635;
23546;876752;
23560;876853;
23573;876955;
23576;877040;
23579;877090;
23581;877111;
23588;877097;
23588;877074;
23592;876990;
23580;876909;
23569;876800;
23552;876695;
23548;876584;
23551;876510;
23549;876445;
23538;876415;
23530;876428;
23531;876463;
23540;876499;
23543;876573;
23553;876628;
23560;876717;
23558;876783;
23582;876834;
23582;876875;
23572;876932;
23581;876980;
23586;877068;
23592;877150;
23615;877219;
23616;877271;
23628;877324;
23625;877346;
23612;877350;
23619;877353;
23636;877335;
23631;877292;
23627;877225;
23619;877186;
23610;877145;
23612;877096;
23619;877049;
23609;877025;
23600;876994;
23597;876961;
23606;876939;
23601;876894;
23605;876881;
23604;876904;
23599;876924;
23601;876951;
23613;876984;
23614;877024;
23612;877039;
23604;877083;
23611;877131;
23615;877185;
23632;877259;
23632;877307;
23631;877371;
23632;877472;
23649;877538;
23657;877592;
23656;877676;
23662;877765;
23676;877850;
23678;877933;
23693;878008;
23695;878061;
23697;878103;
23704;878111;
23717;878085;
23710;878048;
23691;877988;
23691;877878;
23672;877695;
23647;877448;
23619;877187;
23587;876939;
23563;876717;
23539;876531;
23522;876386;
23510;876319;
23494;876303;
23506;876334;
23511;876387;
23513;876451;
23529;876515;
23539;876565;
23538;876634;
23543;876697;
23541;876754;
23550;876786;
23570;876832;
23571;876859;
23569;876927;
23578;877001;
23586;877080;
23596;877142;
23607;877171;
23604;877169;
23605;877158;
23603;877136;
23590;877124;
23590;877123;
23581;877102;
23580;877105;
23582;877124;
23592;877132;
23596;877155;
23595;877181;
23592;877204;
23586;877210;
23588;877247;
23595;877306;
23598;877384;
23612;877450;
23619;877523;
23619;877582;
23624;877631;
23621;877648;
23622;877677;
23628;877715;
23635;877756;
23646;877812;
23648;877875;
23648;877934;
23647;878005;
23653;878034;
23653;878033;
23654;878002;
23652;877963;
23659;877917;
23659;877848;
23659;877820;
23656;877785;
23642;877776;
23643;877768;
23641;877803;
23641;877828;
23646;877869;
23655;877897;
23662;877936;
23670;877961;
23667;877978;
23661;877985;
23665;877978;
23661;878006;
23667;878034;
23663;878054;
23675;878052;
23671;878045;
23661;878024;
23661;877987;
23671;877926;
23666;877839;
23657;877748;
23645;877647;
23637;877566;
23644;877484;
23642;877407;
23634;877363;
23631;877349;
23634;877314;
23626;877315;
23618;877280;
23624;877245;
23627;877241;
23634;877210;
23625;877179;
23609;877089;
23588;877007;
23567;876913;
23557;876842;
23546;876782;
23541;876726;
23532;876685;
23521;876663;
23513;876653;
23519;876651;
23522;876675;
23543;876722;
23533;876795;
23539;876883;
23559;876952;
23565;876971;
23562;877001;
23575;877028;
23580;877062;
23576;877083;
23591;877108;
23595;877104;
23601;877096;
23598;877077;
23591;877090;
23607;877091;
23608;877086;
23595;877078;
23592;877091;
23591;877087;
23593;877068;
23590;877050;
23589;877046;
23580;877040;
23583;877035;
23583;877016;
23575;877016;
23572;877061;
23579;877117;
23599;877156;
23599;877199;
23598;877239;
23593;877280;
23602;877334;
23613;877382;
23626;877436;
23617;877506;
23622;877569;
23632;877610;
23638;877644;
23646;877655;
23641;877662;
23636;877651;
23631;877644;
23641;877656;
23646;877667;
23647;877673;
23652;877703;
23642;877715;
23647;877738;
23653;877737;
23654;877725;
23661;877696;
23654;877643;
23643;877617;
23638;877605;
23645;877612;
23646;877635;
23653;877676;
23653;877731;
23649;877809;
23661;877842;
23664;877858;
23668;877902;
23662;877950;
23669;878003;
23673;878081;
23682;878142;
23693;878192;
23698;878227;
23698;878265;
23701;878304;
23699;878343;
23711;878387;
23703;878391;
23700;878385;
23706;878306;
23695;878189;
23685;878000;
23650;877783;
23630;877568;
23602;877376;
23574;877216;
23558;877095;
23546;877000;
23547;876934;
23538;876889;
23538;876904;
23539;876945;
23547;876982;
23543;877028;
23566;877055;
23559;877073;
23567;877064;
23574;877076;
23573;877064;
23577;877071;
23575;877075;
23577;877109;
23582;877147;
23596;877169;
23602;877163;
23609;877140;
23595;877117;
23596;877081;
23583;877020;
23582;876931;
23584;876875;
23577;876806;
23575;876762;
23568;876731;
23562;876729;
23552;876745;
23554;876777;
23572;876833;
23577;876866;
23575;876921;
23576;876967;
23582;877016;
23585;877090;
23582;877146;
23594;877223;
23599;877297;
23616;877380;
23624;877447;
23627;877509;
23630;877567;
23639;877625;
23638;877675;
23633;877724;
23645;877769;
23648;877799;
23657;877822;
23663;877843;
23665;877875;
23661;877887;
23659;877910;
23659;877924;
23668;877942;
23676;877961;
23676;877966;
23669;877961;
23661;877965;
23657;877913;
23666;877833;
23660;877757;
23647;877671;
23645;877613;
23646;877566;
23637;877564;
23638;877544;
23650;877528;
23647;877540;
23638;877555;
23636;877588;
23647;877599;
23655;877614;
23662;877658;
23641;877701;
23658;877722;
23671;877726;
23670;877731;
23666;877712;
23655;877701;
23652;877628;
23645;877483;
23620;877318;
23599;877130;
23564;876958;
23541;876816;
23524;876696;
23522;876610;
23503;876552;
23499;876540;
23498;876544;
23501;876545;
23510;876580;
23510;876587;
23510;876620;
23507;876647;
23526;876683;
23530;876705;
23522;876762;
23530;876833;
23536;876892;
23538;876943;
23560;876996;
23566;877026;
23573;877045;
23560;877036;
23560;877012;
23571;876992;
23572;876958;
23563;876928;
23562;876911;
23562;876908;
23553;876945;
23554;876983;
23558;876991;
23557;877008;
23552;877030;
23555;877037;
23563;877075;
23568;877130;
23575;877186;
23571;877265;
23580;877354;
23584;877422;
23596;877490;
23601;877534;
23604;877584;
23610;877668;
23600;877736;
23623;877820;
23623;877894;
23635;877982;
23634;878061;
23634;878147;
23637;878211;
23649;878284;
23660;878326;
23654;878345;
23658;878378;
23654;878377;
23661;878412;
23664;878431;
23659;878436;
23667;878441;
23655;878423;
23657;878407;
23654;878393;
23665;878389;
23655;878397;
23652;878388;
23651;878373;
23647;878346;
23652;878340;
23658;878293;
23658;878267;
23652;878261;
23648;878239;
23643;878249;
23649;878259;
23658;878240;
23655;878216;
23655;878205;
23646;878167;
23648;878200;
23657;878208;
23661;878223;
23669;878188;
23656;878130;
23651;878058;
23648;877946;
23629;877801;
23613;877599;
23587;877357;
23546;877126;
23519;876906;
23491;876729;
23477;876585;
23468;876481;
23459;876436;
23451;876415;
23455;876426;
23456;876464;
23459;876512;
23469;876572;
23468;876602;
23478;876640;
23476;876660;
23485;876677;
23491;876692;
23490;876701;
23498;876683;
23485;876689;
23490;876709;
23499;876713;
23509;876712;
23513;876712;
23509;876692;
23493;876674;
23495;876637;
23490;876584;
23497;876540;
23495;876522;
23483;876509;
23487;876523;
23485;876554;
23472;876580;
23494;876593;
23490;876585;
23491;876602;
23488;876613;
23491;876657;
23498;876685;
23502;876700;
23498;876726;
23496;876753;
23512;876785;
23516;876817;
23517;876840;
23511;876880;
23511;876903;
23528;876929;
23533;876940;
23531;876965;
23527;877002;
23533;877040;
23542;877063;
23548;877087;
23544;877080;
23546;877108;
23541;877135;
23562;877170;
23556;877167;
23557;877172;
23542;877157;
23550;877148;
23551;877108;
23556;877081;
23553;877058;
23555;877047;
23551;877029;
23547;877024;
23549;877012;
23549;876972;
23550;876973;
23542;876942;
23553;876928;
23545;876909;
23550;876898;
23554;876885;
23552;876907;
23545;876922;
23548;876981;
23557;877016;
23568;877053;
23564;877063;
23571;877093;
23568;877156;
23564;877226;
23578;877273;
23590;877286;
23586;877259;
23577;877205;
23573;877110;
23560;876969;
23547;876758;
23522;876497;
23484;876228;
23449;875981;
23421;875792;
23412;875652;
23408;875571;
23393;875535;
23387;875569;
23392;875622;
23400;875679;
23406;875716;
23401;875753;
23405;875785;
23410;875804;
23420;875803;
23422;875833;
23422;875878;
23417;875916;
23424;875978;
23445;876035;
23449;876064;
23451;876086;
23452;876111;
23445;876101;
23450;876115;
23460;876118;
23453;876124;
23451;876125;
23442;876143;
23452;876180;
23464;876202;
23459;876234;
23450;876268;
23447;876307;
23458;876355;
23463;876376;
23459;876376;
23454;876354;
23463;876325;
23463;876296;
23452;876288;
23458;876316;
23466;876363;
23476;876409;
23480;876476;
23473;876562;
23486;876658;
23500;876743;
23499;876839;
23504;876949;
23516;877066;
23525;877162;
23539;877237;
23535;877317;
23537;877423;
23548;877522;
23557;877595;
23560;877666;
23565;877725;
23561;877788;
23583;877802;
23577;877785;
23574;877789;
23567;877802;
23571;877804;
23584;877827;
23576;877870;
23569;877922;
23573;878013;
23594;878065;
23588;878093;
23586;878147;
23587;878187;
23593;878200;
23590;878210;
23588;878237;
23581;878259;
23596;878287;
23597;878314;
23593;878333;
23597;878377;
23608;878419;
23600;878452;
23611;878457;
23610;878465;
23603;878438;
23607;878407;
23608;878329;
23598;878221;
23578;878076;
23553;877881;
23528;877703;
23503;877507;
23486;877324;
23460;877176;
23425;877082;
23425;877020;
23419;876990;
23418;876982;
23415;877012;
23414;877034;
23430;877052;
23432;877065;
23429;877060;
23425;877086;
23434;877048;
23437;877015;
23445;876994;
23442;876977;
23435;877001;
23439;877039;
23448;877067;
23458;877062;
23459;877021;
23450;876977;
23450;876911;
23451;876830;
23438;876756;
23434;876673;
23423;876627;
23423;876599;
23419;876576;
23414;876564;
23409;876586;
23414;876630;
23422;876669;
23422;876726;
23418;876772;
23428;876825;
23443;876870;
23439;876910;
23434;876975;
23451;877038;
23464;877099;
23463;877151;
23457;877226;
23470;877312;
23479;877381;
23488;877467;
23489;877526;
23498;877585;
23495;877636;
23513;877675;
23508;877703;
23505;877734;
23508;877735;
23513;877738;
23517;877707;
23520;877636;
23510;877567;
23505;877501;
23505;877436;
23497;877382;
23495;877337;
23489;877333;
23487;877341;
23495;877369;
23488;877425;
23494;877504;
23500;877584;
23499;877660;
23505;877747;
23522;877777;
23525;877811;
23514;877850;
23521;877878;
23533;877874;
23534;877864;
23531;877864;
23525;877862;
23532;877846;
23541;877791;
23533;877718;
23518;877634;
23521;877527;
23506;877347;
23488;877139;
23449;876900;
23421;876672;
23399;876451;
23368;876278;
23354;876137;
23351;876075;
23346;876063;
23341;876084;
23332;876138;
23331;876204;
23343;876274;
23353;876346;
23360;876391;
23355;876452;
23363;876512;
23366;876540;
23373;876567;
23383;876564;
23379;876559;
23375;876567;
23379;876547;
23383;876553;
23392;876547;
23387;876535;
23382;876522;
23381;876530;
23389;876534;
23392;876545;
23386;876561;
23381;876576;
23382;876594;
23385;876602;
23388;876612;
23381;876615;
23379;876644;
23380;876663;
23393;876687;
23393;876704;
23393;876726;
23396;876743;
23397;876768;
23391;876818;
23400;876860;
23413;876896;
23416;876923;
23420;876941;
23410;876959;
23409;876961;
23428;876938;
23421;876942;
23415;876965;
23408;876995;
23424;877048;
23432;877099;
23441;877151;
23439;877189;
23425;877226;
23436;877254;
23444;877275;
23451;877280;
